measure,name,eta,gamma,id,filename,pearson,spearman
frobenius,Frobenius,-3.734694004058838,0.057142853736877,0,net_eta-3.734694004058838_gamma0.057142853736877_ruleMatchingIndex_id000.npy,0.6428864454681311,0.5891389138913891
frobenius,Frobenius,-3.734694004058838,0.057142853736877,1,net_eta-3.734694004058838_gamma0.057142853736877_ruleMatchingIndex_id001.npy,0.457642879995996,0.6063606360636062
frobenius,Frobenius,-3.734694004058838,0.057142853736877,2,net_eta-3.734694004058838_gamma0.057142853736877_ruleMatchingIndex_id002.npy,0.6788174052157687,0.7506510651065106
frobenius,Frobenius,-3.734694004058838,0.057142853736877,3,net_eta-3.734694004058838_gamma0.057142853736877_ruleMatchingIndex_id003.npy,0.7789259320550888,0.8018241824182417
frobenius,Frobenius,-3.734694004058838,0.057142853736877,4,net_eta-3.734694004058838_gamma0.057142853736877_ruleMatchingIndex_id004.npy,0.39692688488294015,0.4478727872787278
frobenius,Frobenius,-3.734694004058838,0.057142853736877,5,net_eta-3.734694004058838_gamma0.057142853736877_ruleMatchingIndex_id005.npy,0.8653400739215439,0.8395319531953194
frobenius,Frobenius,-3.734694004058838,0.057142853736877,6,net_eta-3.734694004058838_gamma0.057142853736877_ruleMatchingIndex_id006.npy,0.4794103493351862,0.5343054305430542
frobenius,Frobenius,-3.734694004058838,0.057142853736877,7,net_eta-3.734694004058838_gamma0.057142853736877_ruleMatchingIndex_id007.npy,0.4191481237606053,0.34609060906090605
frobenius,Frobenius,-3.734694004058838,0.057142853736877,8,net_eta-3.734694004058838_gamma0.057142853736877_ruleMatchingIndex_id008.npy,0.14461429487383895,0.11422742274227421
frobenius,Frobenius,-3.734694004058838,0.057142853736877,9,net_eta-3.734694004058838_gamma0.057142853736877_ruleMatchingIndex_id009.npy,0.918455846757728,0.9183318331833182
delta_con,DeltaCon,-3.734694004058838,0.057142853736877,0,net_eta-3.734694004058838_gamma0.057142853736877_ruleMatchingIndex_id000.npy,0.6428864454681311,0.5891389138913891
delta_con,DeltaCon,-3.734694004058838,0.057142853736877,1,net_eta-3.734694004058838_gamma0.057142853736877_ruleMatchingIndex_id001.npy,0.457642879995996,0.6063606360636062
delta_con,DeltaCon,-3.734694004058838,0.057142853736877,2,net_eta-3.734694004058838_gamma0.057142853736877_ruleMatchingIndex_id002.npy,0.6788174052157687,0.7506510651065106
delta_con,DeltaCon,-3.734694004058838,0.057142853736877,3,net_eta-3.734694004058838_gamma0.057142853736877_ruleMatchingIndex_id003.npy,0.7789259320550888,0.8018241824182417
delta_con,DeltaCon,-3.734694004058838,0.057142853736877,4,net_eta-3.734694004058838_gamma0.057142853736877_ruleMatchingIndex_id004.npy,0.39692688488294015,0.4478727872787278
delta_con,DeltaCon,-3.734694004058838,0.057142853736877,5,net_eta-3.734694004058838_gamma0.057142853736877_ruleMatchingIndex_id005.npy,0.8653400739215439,0.8395319531953194
delta_con,DeltaCon,-3.734694004058838,0.057142853736877,6,net_eta-3.734694004058838_gamma0.057142853736877_ruleMatchingIndex_id006.npy,0.4794103493351862,0.5343054305430542
delta_con,DeltaCon,-3.734694004058838,0.057142853736877,7,net_eta-3.734694004058838_gamma0.057142853736877_ruleMatchingIndex_id007.npy,0.4191481237606053,0.34609060906090605
delta_con,DeltaCon,-3.734694004058838,0.057142853736877,8,net_eta-3.734694004058838_gamma0.057142853736877_ruleMatchingIndex_id008.npy,0.14461429487383895,0.11422742274227421
delta_con,DeltaCon,-3.734694004058838,0.057142853736877,9,net_eta-3.734694004058838_gamma0.057142853736877_ruleMatchingIndex_id009.npy,0.918455846757728,0.9183318331833182
netrd_non_backtracking_spectral,Spectral Non-BT,-3.959183692932129,0.079591833055019,0,net_eta-3.959183692932129_gamma0.079591833055019_ruleMatchingIndex_id000.npy,0.17831462441972223,0.2105250525052505
netrd_non_backtracking_spectral,Spectral Non-BT,-3.959183692932129,0.079591833055019,1,net_eta-3.959183692932129_gamma0.079591833055019_ruleMatchingIndex_id001.npy,0.6474093802189589,0.6579777977797779
netrd_non_backtracking_spectral,Spectral Non-BT,-3.959183692932129,0.079591833055019,2,net_eta-3.959183692932129_gamma0.079591833055019_ruleMatchingIndex_id002.npy,0.24616161744696208,0.17740174017401739
netrd_non_backtracking_spectral,Spectral Non-BT,-3.959183692932129,0.079591833055019,3,net_eta-3.959183692932129_gamma0.079591833055019_ruleMatchingIndex_id003.npy,0.45752512953643365,0.48658865886588654
netrd_non_backtracking_spectral,Spectral Non-BT,-3.959183692932129,0.079591833055019,4,net_eta-3.959183692932129_gamma0.079591833055019_ruleMatchingIndex_id004.npy,0.6416644240337896,0.6716831683168316
netrd_non_backtracking_spectral,Spectral Non-BT,-3.959183692932129,0.079591833055019,5,net_eta-3.959183692932129_gamma0.079591833055019_ruleMatchingIndex_id005.npy,0.3906326052990576,0.3339813981398139
netrd_non_backtracking_spectral,Spectral Non-BT,-3.959183692932129,0.079591833055019,6,net_eta-3.959183692932129_gamma0.079591833055019_ruleMatchingIndex_id006.npy,0.6703611261808141,0.6358595859585958
netrd_non_backtracking_spectral,Spectral Non-BT,-3.959183692932129,0.079591833055019,7,net_eta-3.959183692932129_gamma0.079591833055019_ruleMatchingIndex_id007.npy,0.6463859642392895,0.6330393039303929
netrd_non_backtracking_spectral,Spectral Non-BT,-3.959183692932129,0.079591833055019,8,net_eta-3.959183692932129_gamma0.079591833055019_ruleMatchingIndex_id008.npy,0.7529987195528665,0.7696969696969697
netrd_non_backtracking_spectral,Spectral Non-BT,-3.959183692932129,0.079591833055019,9,net_eta-3.959183692932129_gamma0.079591833055019_ruleMatchingIndex_id009.npy,0.8305488790381685,0.8173777377737773
spectral_distance_adjacency,Spectral (Adjacency),-3.959183692932129,0.32653060555458,0,net_eta-3.959183692932129_gamma0.32653060555458_ruleMatchingIndex_id000.npy,0.7901102781946825,0.6737593759375936
spectral_distance_adjacency,Spectral (Adjacency),-3.959183692932129,0.32653060555458,1,net_eta-3.959183692932129_gamma0.32653060555458_ruleMatchingIndex_id001.npy,0.14405897522643654,0.1670927092709271
spectral_distance_adjacency,Spectral (Adjacency),-3.959183692932129,0.32653060555458,2,net_eta-3.959183692932129_gamma0.32653060555458_ruleMatchingIndex_id002.npy,0.6958912109656278,0.6525292529252925
spectral_distance_adjacency,Spectral (Adjacency),-3.959183692932129,0.32653060555458,3,net_eta-3.959183692932129_gamma0.32653060555458_ruleMatchingIndex_id003.npy,0.22384261218475354,0.3044224422442243
spectral_distance_adjacency,Spectral (Adjacency),-3.959183692932129,0.32653060555458,4,net_eta-3.959183692932129_gamma0.32653060555458_ruleMatchingIndex_id004.npy,0.8573799453131021,0.7546954695469545
spectral_distance_adjacency,Spectral (Adjacency),-3.959183692932129,0.32653060555458,5,net_eta-3.959183692932129_gamma0.32653060555458_ruleMatchingIndex_id005.npy,0.21641973248283755,0.338013801380138
spectral_distance_adjacency,Spectral (Adjacency),-3.959183692932129,0.32653060555458,6,net_eta-3.959183692932129_gamma0.32653060555458_ruleMatchingIndex_id006.npy,0.41642864976510036,0.5276327632763276
spectral_distance_adjacency,Spectral (Adjacency),-3.959183692932129,0.32653060555458,7,net_eta-3.959183692932129_gamma0.32653060555458_ruleMatchingIndex_id007.npy,0.22025691922751264,0.251041104110411
spectral_distance_adjacency,Spectral (Adjacency),-3.959183692932129,0.32653060555458,8,net_eta-3.959183692932129_gamma0.32653060555458_ruleMatchingIndex_id008.npy,0.3310914087938822,0.4766636663666366
spectral_distance_adjacency,Spectral (Adjacency),-3.959183692932129,0.32653060555458,9,net_eta-3.959183692932129_gamma0.32653060555458_ruleMatchingIndex_id009.npy,0.1163920453603409,0.14714671467146714
communicability_corr,Communicability Corr.,-4.18367338180542,0.955102026462554,0,net_eta-4.18367338180542_gamma0.955102026462554_ruleMatchingIndex_id000.npy,0.48099398453969106,0.40630063006300626
communicability_corr,Communicability Corr.,-4.18367338180542,0.955102026462554,1,net_eta-4.18367338180542_gamma0.955102026462554_ruleMatchingIndex_id001.npy,0.17435155898297502,0.13425742574257427
communicability_corr,Communicability Corr.,-4.18367338180542,0.955102026462554,2,net_eta-4.18367338180542_gamma0.955102026462554_ruleMatchingIndex_id002.npy,0.1293712504328936,0.04848484848484848
communicability_corr,Communicability Corr.,-4.18367338180542,0.955102026462554,3,net_eta-4.18367338180542_gamma0.955102026462554_ruleMatchingIndex_id003.npy,0.5245782283095013,0.5103870387038704
communicability_corr,Communicability Corr.,-4.18367338180542,0.955102026462554,4,net_eta-4.18367338180542_gamma0.955102026462554_ruleMatchingIndex_id004.npy,0.703396266766447,0.5562436243624361
communicability_corr,Communicability Corr.,-4.18367338180542,0.955102026462554,5,net_eta-4.18367338180542_gamma0.955102026462554_ruleMatchingIndex_id005.npy,0.4450488198058813,0.5648964896489648
communicability_corr,Communicability Corr.,-4.18367338180542,0.955102026462554,6,net_eta-4.18367338180542_gamma0.955102026462554_ruleMatchingIndex_id006.npy,0.7854272021577431,0.6593939393939393
communicability_corr,Communicability Corr.,-4.18367338180542,0.955102026462554,7,net_eta-4.18367338180542_gamma0.955102026462554_ruleMatchingIndex_id007.npy,0.5009683715817552,0.4875367536753675
communicability_corr,Communicability Corr.,-4.18367338180542,0.955102026462554,8,net_eta-4.18367338180542_gamma0.955102026462554_ruleMatchingIndex_id008.npy,0.19461242465833414,0.2757035703570357
communicability_corr,Communicability Corr.,-4.18367338180542,0.955102026462554,9,net_eta-4.18367338180542_gamma0.955102026462554_ruleMatchingIndex_id009.npy,0.7211942727626687,0.6718151815181518
portrait,Portrait,-3.061224460601807,0.124489791691303,0,net_eta-3.061224460601807_gamma0.124489791691303_ruleMatchingIndex_id000.npy,0.3762092277851154,0.41078907890789074
portrait,Portrait,-3.061224460601807,0.124489791691303,1,net_eta-3.061224460601807_gamma0.124489791691303_ruleMatchingIndex_id001.npy,0.6738198799318447,0.7076147614761475
portrait,Portrait,-3.061224460601807,0.124489791691303,2,net_eta-3.061224460601807_gamma0.124489791691303_ruleMatchingIndex_id002.npy,0.2804388085070857,0.4912811281128112
portrait,Portrait,-3.061224460601807,0.124489791691303,3,net_eta-3.061224460601807_gamma0.124489791691303_ruleMatchingIndex_id003.npy,0.717071139200363,0.7753135313531353
portrait,Portrait,-3.061224460601807,0.124489791691303,4,net_eta-3.061224460601807_gamma0.124489791691303_ruleMatchingIndex_id004.npy,0.6423555136631289,0.6175937593759375
portrait,Portrait,-3.061224460601807,0.124489791691303,5,net_eta-3.061224460601807_gamma0.124489791691303_ruleMatchingIndex_id005.npy,0.41685774307363066,0.27308730873087306
portrait,Portrait,-3.061224460601807,0.124489791691303,6,net_eta-3.061224460601807_gamma0.124489791691303_ruleMatchingIndex_id006.npy,0.8494582688594439,0.8342874287428743
portrait,Portrait,-3.061224460601807,0.124489791691303,7,net_eta-3.061224460601807_gamma0.124489791691303_ruleMatchingIndex_id007.npy,0.6680007512615225,0.7297089708970896
portrait,Portrait,-3.061224460601807,0.124489791691303,8,net_eta-3.061224460601807_gamma0.124489791691303_ruleMatchingIndex_id008.npy,0.9024478073398625,0.9206360636063605
portrait,Portrait,-3.061224460601807,0.124489791691303,9,net_eta-3.061224460601807_gamma0.124489791691303_ruleMatchingIndex_id009.npy,0.8468362371348461,0.8176057605760576
net_simile,NetSimile,-2.836734771728516,0.124489791691303,0,net_eta-2.836734771728516_gamma0.124489791691303_ruleMatchingIndex_id000.npy,0.11294745303861348,0.17562556255625564
net_simile,NetSimile,-2.836734771728516,0.124489791691303,1,net_eta-2.836734771728516_gamma0.124489791691303_ruleMatchingIndex_id001.npy,0.4316569361897847,0.3789498949894989
net_simile,NetSimile,-2.836734771728516,0.124489791691303,2,net_eta-2.836734771728516_gamma0.124489791691303_ruleMatchingIndex_id002.npy,0.7930989503737069,0.7476147614761475
net_simile,NetSimile,-2.836734771728516,0.124489791691303,3,net_eta-2.836734771728516_gamma0.124489791691303_ruleMatchingIndex_id003.npy,0.27221248795307484,0.2879807980798079
net_simile,NetSimile,-2.836734771728516,0.124489791691303,4,net_eta-2.836734771728516_gamma0.124489791691303_ruleMatchingIndex_id004.npy,0.1448153822481587,0.175025502550255
net_simile,NetSimile,-2.836734771728516,0.124489791691303,5,net_eta-2.836734771728516_gamma0.124489791691303_ruleMatchingIndex_id005.npy,0.6992983395232237,0.7229522952295229
net_simile,NetSimile,-2.836734771728516,0.124489791691303,6,net_eta-2.836734771728516_gamma0.124489791691303_ruleMatchingIndex_id006.npy,0.7245290496536382,0.7306810681068105
net_simile,NetSimile,-2.836734771728516,0.124489791691303,7,net_eta-2.836734771728516_gamma0.124489791691303_ruleMatchingIndex_id007.npy,0.6894015507967894,0.756183618361836
net_simile,NetSimile,-2.836734771728516,0.124489791691303,8,net_eta-2.836734771728516_gamma0.124489791691303_ruleMatchingIndex_id008.npy,0.7729704262777821,0.7921872187218721
net_simile,NetSimile,-2.836734771728516,0.124489791691303,9,net_eta-2.836734771728516_gamma0.124489791691303_ruleMatchingIndex_id009.npy,0.7539426467056143,0.6611941194119412
energy,Energy,-1.265306115150452,0.21428570151329,0,net_eta-1.265306115150452_gamma0.21428570151329_ruleMatchingIndex_id000.npy,0.7095642739052609,0.7270807080708069
energy,Energy,-1.265306115150452,0.21428570151329,1,net_eta-1.265306115150452_gamma0.21428570151329_ruleMatchingIndex_id001.npy,0.36106570034970586,0.3759135913591359
energy,Energy,-1.265306115150452,0.21428570151329,2,net_eta-1.265306115150452_gamma0.21428570151329_ruleMatchingIndex_id002.npy,0.7625268178772733,0.6656705670567057
energy,Energy,-1.265306115150452,0.21428570151329,3,net_eta-1.265306115150452_gamma0.21428570151329_ruleMatchingIndex_id003.npy,0.6188585383548174,0.5510727604968112
energy,Energy,-1.265306115150452,0.21428570151329,4,net_eta-1.265306115150452_gamma0.21428570151329_ruleMatchingIndex_id004.npy,0.37818497006239526,0.38112211221122105
energy,Energy,-1.265306115150452,0.21428570151329,5,net_eta-1.265306115150452_gamma0.21428570151329_ruleMatchingIndex_id005.npy,0.0003842481855636116,0.5047464746474647
energy,Energy,-1.265306115150452,0.21428570151329,6,net_eta-1.265306115150452_gamma0.21428570151329_ruleMatchingIndex_id006.npy,0.4476273987593496,0.5096069606960696
energy,Energy,-1.265306115150452,0.21428570151329,7,net_eta-1.265306115150452_gamma0.21428570151329_ruleMatchingIndex_id007.npy,0.494222478743561,0.39002700270026996
energy,Energy,-1.265306115150452,0.21428570151329,8,net_eta-1.265306115150452_gamma0.21428570151329_ruleMatchingIndex_id008.npy,0.176635098974245,0.25090909090909086
energy,Energy,-1.265306115150452,0.21428570151329,9,net_eta-1.265306115150452_gamma0.21428570151329_ruleMatchingIndex_id009.npy,0.7874979533422611,0.7437143714371436
