s,repeat,eff
0,0,0.0
0,1,0.0
0,2,0.0
0,3,0.0
0,4,0.0
0,5,0.0
0,6,0.0
0,7,0.0
0,8,0.0
0,9,0.0
0,10,0.0
0,11,0.0
0,12,0.0
0,13,0.0
0,14,0.0
0,15,0.0
0,16,0.0
0,17,0.0
0,18,0.0
0,19,0.0
1,0,0.00404040404040404
1,1,0.00404040404040404
1,2,0.00404040404040404
1,3,0.00404040404040404
1,4,0.00404040404040404
1,5,0.00404040404040404
1,6,0.00404040404040404
1,7,0.0
1,8,0.00404040404040404
1,9,0.0
1,10,0.00404040404040404
1,11,0.00404040404040404
1,12,0.00404040404040404
1,13,0.00404040404040404
1,14,0.00404040404040404
1,15,0.00404040404040404
1,16,0.0
1,17,0.0
1,18,0.00404040404040404
1,19,0.0
2,0,0.00808080808080808
2,1,0.0
2,2,0.00808080808080808
2,3,0.00808080808080808
2,4,0.00808080808080808
2,5,0.00404040404040404
2,6,0.00808080808080808
2,7,0.0
2,8,0.00808080808080808
2,9,0.00808080808080808
2,10,0.00808080808080808
2,11,0.00808080808080808
2,12,0.00404040404040404
2,13,0.00808080808080808
2,14,0.00808080808080808
2,15,0.00808080808080808
2,16,0.00808080808080808
2,17,0.00808080808080808
2,18,0.00404040404040404
2,19,0.00808080808080808
5,0,0.00808080808080808
5,1,0.012121212121212121
5,2,0.00808080808080808
5,3,0.020202020202020204
5,4,0.020202020202020204
5,5,0.012121212121212121
5,6,0.00808080808080808
5,7,0.010101010101010102
5,8,0.012121212121212121
5,9,0.020202020202020204
5,10,0.01616161616161616
5,11,0.01818181818181818
5,12,0.020202020202020204
5,13,0.020202020202020204
5,14,0.01616161616161616
5,15,0.01616161616161616
5,16,0.020202020202020204
5,17,0.012121212121212121
5,18,0.012121212121212121
5,19,0.01616161616161616
10,0,0.024242424242424242
10,1,0.020202020202020204
10,2,0.03232323232323232
10,3,0.03232323232323232
10,4,0.03232323232323232
10,5,0.028282828282828285
10,6,0.020202020202020204
10,7,0.026262626262626262
10,8,0.03636363636363636
10,9,0.028282828282828285
10,10,0.03636363636363636
10,11,0.028282828282828285
10,12,0.03434343434343434
10,13,0.028282828282828285
10,14,0.020202020202020204
10,15,0.028282828282828285
10,16,0.03636363636363636
10,17,0.028282828282828285
10,18,0.024242424242424242
10,19,0.03636363636363636
20,0,0.06464646464646465
20,1,0.06666666666666667
20,2,0.06262626262626263
20,3,0.06262626262626263
20,4,0.06666666666666667
20,5,0.06262626262626263
20,6,0.06464646464646465
20,7,0.06060606060606061
20,8,0.06464646464646465
20,9,0.06868686868686869
20,10,0.06060606060606061
20,11,0.050505050505050504
20,12,0.06262626262626263
20,13,0.06464646464646465
20,14,0.0707070707070707
20,15,0.06666666666666667
20,16,0.05858585858585859
20,17,0.05454545454545454
20,18,0.06060606060606061
20,19,0.06868686868686869
50,0,0.1494949494949495
50,1,0.12525252525252525
50,2,0.1292929292929293
50,3,0.15353535353535352
50,4,0.15757575757575756
50,5,0.1414141414141414
50,6,0.13535353535353536
50,7,0.14545454545454545
50,8,0.14545454545454545
50,9,0.15151515151515152
50,10,0.1494949494949495
50,11,0.14343434343434344
50,12,0.14343434343434344
50,13,0.12727272727272726
50,14,0.14545454545454545
50,15,0.12323232323232323
50,16,0.14747474747474748
50,17,0.13535353535353536
50,18,0.13535353535353536
50,19,0.14343434343434344
100,0,0.2505050505050505
100,1,0.27474747474747474
100,2,0.24646464646464647
100,3,0.2868686868686869
100,4,0.2767676767676768
100,5,0.25252525252525254
100,6,0.2404040404040404
100,7,0.2868686868686869
100,8,0.27070707070707073
100,9,0.26464646464646463
100,10,0.2727272727272727
100,11,0.25252525252525254
100,12,0.2606060606060606
100,13,0.2828282828282828
100,14,0.24444444444444444
100,15,0.2545454545454545
100,16,0.2767676767676768
100,17,0.2585858585858586
100,18,0.24848484848484848
100,19,0.2727272727272727
200,0,0.4383838383838384
200,1,0.43232323232323233
200,2,0.4404040404040404
200,3,0.4262626262626263
200,4,0.4404040404040404
200,5,0.45454545454545453
200,6,0.42828282828282827
200,7,0.397979797979798
200,8,0.43232323232323233
200,9,0.44646464646464645
200,10,0.4383838383838384
200,11,0.4262626262626263
200,12,0.4404040404040404
200,13,0.44242424242424244
200,14,0.4262626262626263
200,15,0.42828282828282827
200,16,0.4505050505050505
200,17,0.4202020202020202
200,18,0.4626262626262626
200,19,0.4303030303030303
495,0,0.7292929292929293
495,1,0.7151515151515152
495,2,0.7070707070707071
495,3,0.7191919191919192
495,4,0.7393939393939394
495,5,0.692929292929293
495,6,0.7090909090909091
495,7,0.7393939393939394
495,8,0.7151515151515152
495,9,0.7171717171717171
495,10,0.7212121212121212
495,11,0.7353535353535353
495,12,0.701010101010101
495,13,0.7090909090909091
495,14,0.7070707070707071
495,15,0.7070707070707071
495,16,0.7111111111111111
495,17,0.7373737373737373
495,18,0.7252525252525253
495,19,0.7434343434343434
